genre,avg_rating,review_count
Drama,6.4375000000000000,32
Action,5.9285714285714286,14
Thriller,5.7500000000000000,12
Adventure,5.5555555555555556,9
Comedy,5.5000000000000000,18
Crime,4.8888888888888889,9
Sci-Fi,4.6666666666666667,21
